tool,domain,rw,destructive,expensive,host_methods,action_type,headless_missing_methods,live_missing_methods,desktop_mcp,facade_disposition,note
get_editor_state,read,ro,,,getProject,,,,exposed,collapse,
list_media,read,ro,,,getProject,,,,exposed,collapse,
list_tracks,read,ro,,,getProject,,,,exposed,collapse,
list_clips,read,ro,,,getProject,,,,exposed,collapse,
get_clip,read,ro,,,getProject,,,,exposed,collapse,
get_capabilities,read,ro,,,capabilities,,,,exposed,collapse,
get_creation_capabilities,read,ro,,,,,,,exposed,collapse,
get_creation_history,read,ro,,,,,,,exposed,collapse,
critique_creation_scene,read,ro,,,,,,,exposed,collapse,
solve_creation_ik,read,ro,,,,,,,exposed,collapse,
evaluate_creation_material_graph,read,ro,,,,,,,exposed,collapse,
simulate_creation_cloth,read,ro,,,,,,,exposed,collapse,
probe_rigging_backend,read,ro,,,probeRiggingBackend,,probeRiggingBackend,,exposed,collapse,
inspect_3d_model,read,ro,,,inspectModel,,inspectModel,,exposed,collapse,
rig_humanoid_model,motion,rw,,expensive,rigHumanoidModel,,rigHumanoidModel,,exposed,facade-defer-v1,
list_motion_compositions,read,ro,,,getProject,,,,exposed,collapse,
list_creation_assets,read,ro,,,,,,,exposed,collapse,
list_creation_scenes,read,ro,,,,,,,exposed,collapse,
get_creation_asset,read,ro,,,,,,,exposed,collapse,
get_creation_scene,read,ro,,,,,,,exposed,collapse,
inspect_creation_product_parts,read,ro,,,,,,,exposed,collapse,
validate_creation_state,read,ro,,,,,,,exposed,collapse,
set_creation_object_transform,motion,rw,,,requireOpenProject,creation/applyOperation,,,exposed,facade-defer-v1,
set_creation_object_material,motion,rw,,,requireOpenProject,creation/applyOperation,,,exposed,facade-defer-v1,
apply_creation_material_preset,motion,rw,,,requireOpenProject,creation/applyOperation,,,exposed,facade-defer-v1,
apply_creation_xray_material,motion,rw,,,requireOpenProject,creation/applyOperation,,,exposed,facade-defer-v1,
apply_creation_surface_detail,motion,rw,,,requireOpenProject,creation/applyOperation,,,exposed,facade-defer-v1,
apply_creation_material_graph,motion,rw,,,requireOpenProject,creation/applyOperation,,,exposed,facade-defer-v1,
add_creation_procedural_texture,motion,rw,,,requireOpenProject,creation/applyOperation,,,exposed,facade-defer-v1,
export_creation_scene_gltf,read,ro,,,requireOpenProject,,,,exposed,collapse,
render_creation_scene_image,read,ro,,,requireOpenProject,,,,exposed,collapse,
bake_creation_asset,motion,rw,,,requireOpenProject,creation/applyOperation,,,exposed,facade-defer-v1,
bake_creation_texture,motion,rw,,,requireOpenProject,creation/applyOperation,,,exposed,facade-defer-v1,
set_creation_object_geometry,motion,rw,,,requireOpenProject,creation/applyOperation,,,exposed,facade-defer-v1,
remove_creation_scene_object,motion,rw,destructive,,requireOpenProject,creation/applyOperation,,,exposed,facade-defer-v1,
apply_creation_bevel,motion,rw,,,requireOpenProject,creation/applyOperation,,,exposed,facade-defer-v1,
apply_creation_displacement,motion,rw,,,requireOpenProject,creation/applyOperation,,,exposed,facade-defer-v1,
apply_creation_boolean,motion,rw,,,requireOpenProject,creation/applyOperation,,,exposed,facade-defer-v1,
apply_creation_array,motion,rw,,,requireOpenProject,creation/applyOperation,,,exposed,facade-defer-v1,
apply_creation_texture_map,motion,rw,,,requireOpenProject,creation/applyOperation,,,exposed,facade-defer-v1,
set_creation_scene_environment,motion,rw,,,requireOpenProject,creation/applyOperation,,,exposed,facade-defer-v1,
set_creation_camera,motion,rw,,,requireOpenProject,creation/applyOperation,,,exposed,facade-defer-v1,
animate_creation_camera,motion,rw,,,requireOpenProject,creation/applyOperation,,,exposed,facade-defer-v1,
animate_creation_object,motion,rw,,,requireOpenProject,creation/applyOperation,,,exposed,facade-defer-v1,
animate_creation_exploded_view,motion,rw,,,requireOpenProject,creation/applyOperation,,,exposed,facade-defer-v1,
apply_creation_cloth_wave,motion,rw,,,requireOpenProject,creation/applyOperation,,,exposed,facade-defer-v1,
create_project,project,rw,,,createProject,,createProject,,exposed,facade-core,
list_projects,project,ro,,,listProjects,,listProjects,,exposed,facade-core,
open_project,project,rw,,,openProject,,openProject,,exposed,facade-core,
save_project,project,rw,,,saveProject,,saveProject,,exposed,facade-core,
update_project_settings,project,rw,,,,project/updateSettings,,,exposed,facade-core,
rename_project,project,rw,,,,project/rename,,,exposed,facade-core,
set_canvas_background,project,rw,,,,project/setCanvasBackground,,,exposed,facade-core,
add_track,track,rw,,,,track/add,,,exposed,facade-core-via-edit-batch,
duplicate_track,track,rw,,,,track/duplicate,,,exposed,facade-core-via-edit-batch,
remove_track,track,rw,destructive,,,track/remove,,,exposed,facade-core-via-edit-batch,
rename_track,track,rw,,,,track/rename,,,exposed,facade-core-via-edit-batch,
reorder_track,track,rw,,,,track/reorder,,,exposed,facade-core-via-edit-batch,
lock_track,track,rw,,,,track/lock,,,exposed,facade-core-via-edit-batch,
hide_track,track,rw,,,,track/hide,,,exposed,facade-core-via-edit-batch,
mute_track,track,rw,,,,track/mute,,,exposed,facade-core-via-edit-batch,
solo_track,track,rw,,,,track/solo,,,exposed,facade-core-via-edit-batch,
consolidate_track,track,rw,,,,track/consolidate,,,exposed,facade-core-via-edit-batch,
import_media_from_url,media,rw,,,importMediaFromUrl|requireOpenProject,,importMediaFromUrl,,exposed,facade-core,desktop-gated today (MEDIA-03); facade adds fs/path adapter
delete_media,media,rw,destructive,,,media/delete,,,exposed,facade-core,
rename_media,media,rw,,,,media/rename,,,exposed,facade-core,
add_clip,clip,rw,,,,clip/add,,,exposed,facade-core-via-edit-batch,
remove_clip,clip,rw,destructive,,,clip/remove,,,exposed,facade-core-via-edit-batch,
move_clip,clip,rw,,,,clip/move,,,exposed,facade-core-via-edit-batch,
trim_clip,clip,rw,,,,clip/trim,,,exposed,facade-core-via-edit-batch,
split_clip,clip,rw,,,,clip/split,,,exposed,facade-core-via-edit-batch,
ripple_delete_clip,clip,rw,destructive,,,clip/rippleDelete,,,exposed,facade-core-via-edit-batch,
slip_clip,clip,rw,,,,clip/slip,,,exposed,facade-core-via-edit-batch,
slide_clip,clip,rw,,,,clip/slide,,,exposed,facade-core-via-edit-batch,
roll_edit,clip,rw,,,,clip/roll,,,exposed,facade-core-via-edit-batch,
trim_to_playhead,clip,rw,,,,clip/trimToPlayhead,,,exposed,facade-core-via-edit-batch,
close_gap,clip,rw,,,,clip/closeGapBefore,,,exposed,facade-core-via-edit-batch,
set_clip_speed,speed,rw,,,,clip/setSpeed,,,exposed,facade-phase2,
set_clip_reverse,speed,rw,,,,clip/setReverse,,,exposed,facade-phase2,
set_clip_pitch_correction,speed,rw,,,,clip/setPitchCorrection,,,exposed,facade-phase2,
set_speed_ramp,speed,rw,,,,speed/setRampData,,,exposed,facade-phase2,
set_clip_stabilization,speed,rw,,,,clip/setStabilization,,,exposed,facade-phase2,
set_clip_chroma_key,speed,rw,,,,clip/setChromaKey,,,exposed,facade-phase2,
set_clip_transform,transform,rw,,,,transform/update,,,exposed,facade-phase2,
set_clip_blend_mode,transform,rw,,,,clip/setBlendMode,,,exposed,facade-phase2,
set_clip_blend_opacity,transform,rw,,,,clip/setBlendOpacity,,,exposed,facade-phase2,
add_video_effect,effect,rw,,,applyAction|requireOpenProject,,,,exposed,facade-phase2,
remove_video_effect,effect,rw,,,,effect/remove,,,exposed,facade-phase2,
update_video_effect,effect,rw,,,,effect/update,,,exposed,facade-phase2,
toggle_video_effect,effect,rw,,,,effect/toggle,,,exposed,facade-phase2,
set_effect_order,effect,rw,,,,effect/setOrder,,,exposed,facade-phase2,
set_color_grading,color,rw,,,,clip/setColorGrading,,,exposed,facade-phase2,
set_clip_volume,audio,rw,,,,audio/setVolume,,,exposed,facade-phase2,
set_clip_fade,audio,rw,,,,audio/setFade,,,exposed,facade-phase2,
add_audio_automation,audio,rw,,,,audio/addAutomation,,,exposed,facade-phase2,
add_audio_effect,audio,rw,,,,audio/addEffect,,,exposed,facade-phase2,
remove_audio_effect,audio,rw,,,,audio/removeEffect,,,exposed,facade-phase2,
update_audio_effect,audio,rw,,,,audio/updateEffect,,,exposed,facade-phase2,
toggle_audio_effect,audio,rw,,,,audio/toggleEffect,,,exposed,facade-phase2,
add_subtitle,subtitle,rw,,,,subtitle/add,,,exposed,facade-phase2,
remove_subtitle,subtitle,rw,destructive,,,subtitle/remove,,,exposed,facade-phase2,
update_subtitle,subtitle,rw,,,,subtitle/update,,,exposed,facade-phase2,
import_srt,subtitle,rw,,,,subtitle/import,,,exposed,facade-phase2,
set_subtitle_style,subtitle,rw,,,,subtitle/setStyle,,,exposed,facade-phase2,
add_keyframe,keyframe,rw,,,,keyframe/add,,,exposed,facade-phase2,
remove_keyframe,keyframe,rw,,,,keyframe/remove,,,exposed,facade-phase2,
set_clip_keyframes,keyframe,rw,,,,keyframe/setAll,,,exposed,facade-phase2,
add_transition,transition,rw,,,,transition/add,,,exposed,facade-phase2,
update_transition,transition,rw,,,,transition/update,,,exposed,facade-phase2,
remove_transition,transition,rw,,,,transition/remove,,,exposed,facade-phase2,
add_marker,marker,rw,,,,marker/add,,,exposed,facade-phase2,
remove_marker,marker,rw,,,,marker/remove,,,exposed,facade-phase2,
update_marker,marker,rw,,,,marker/update,,,exposed,facade-phase2,
create_text_clip,text,rw,,,applyAction|createTextOverlay|requireOpenProject,,createTextOverlay,,exposed,facade-core-via-edit-batch,RUNNER-02 clip.id + engine-sync must be fixed in adapter
update_text_clip,text,rw,,,applyAction|requireOpenProject|updateTextOverlay,text/update,updateTextOverlay,,exposed,facade-core-via-edit-batch,
remove_text_clip,text,rw,destructive,,,,,,exposed,facade-core-via-edit-batch,
create_shape_clip,graphics,rw,,,applyAction|createShapeOverlay|requireOpenProject,,createShapeOverlay,,exposed,facade-core-via-edit-batch,
update_shape_clip,graphics,rw,,,applyAction|requireOpenProject|updateShapeOverlay,shape/update,updateShapeOverlay,,exposed,facade-core-via-edit-batch,
remove_shape_clip,graphics,rw,destructive,,,,,,exposed,facade-core-via-edit-batch,
create_sticker_clip,graphics,rw,,,applyAction|createStickerOverlay|requireOpenProject,sticker/create,createStickerOverlay,,exposed,facade-core-via-edit-batch,
update_sticker_clip,graphics,rw,,,applyAction|requireOpenProject|updateStickerOverlay,sticker/update,updateStickerOverlay,,exposed,facade-core-via-edit-batch,
remove_sticker_clip,graphics,rw,destructive,,,,,,exposed,facade-core-via-edit-batch,
create_svg_clip,graphics,rw,,,applyAction|createSvgOverlay|requireOpenProject,svg/create,createSvgOverlay,,exposed,facade-core-via-edit-batch,
update_svg_clip,graphics,rw,,,applyAction|requireOpenProject|updateSvgOverlay,svg/update,updateSvgOverlay,,exposed,facade-core-via-edit-batch,
remove_svg_clip,graphics,rw,destructive,,,,,,exposed,facade-core-via-edit-batch,
create_motion_composition,motion,rw,,,getProject|requireOpenProject,motion/createComposition,,,exposed,facade-defer-v1,
delete_motion_composition,motion,rw,destructive,,requireOpenProject,motion/removeComposition,,,exposed,facade-defer-v1,
duplicate_motion_composition,motion,rw,,,requireOpenProject,motion/createComposition,,,exposed,facade-defer-v1,
create_creation_3d_scene,motion,rw,,,getProject|requireOpenProject,creation/applyOperation,,,exposed,facade-defer-v1,
recover_motion_scene3d_to_creation,motion,rw,,,requireOpenProject,,,,exposed,facade-defer-v1,routes via persistMotionSceneCreationDraft -> creation/applyOperation (adversarial-review C7); catalog action_type column is direct-routing only
sync_creation_scene_to_motion,motion,rw,,,getProject|requireOpenProject,creation/applyOperation,,,exposed,facade-defer-v1,
add_creation_scene_object,motion,rw,,,requireOpenProject,creation/applyOperation,,,exposed,facade-defer-v1,
add_creation_product_part,motion,rw,,,requireOpenProject,creation/applyOperation,,,exposed,facade-defer-v1,
add_creation_screen_stack,motion,rw,,,requireOpenProject,creation/applyOperation,,,exposed,facade-defer-v1,
add_creation_camera_module,motion,rw,,,requireOpenProject,creation/applyOperation,,,exposed,facade-defer-v1,
add_creation_product_internals,motion,rw,,,requireOpenProject,creation/applyOperation,,,exposed,facade-defer-v1,
add_creation_light_sweep,motion,rw,,,requireOpenProject,creation/applyOperation,,,exposed,facade-defer-v1,
add_creation_character,motion,rw,,,requireOpenProject,creation/applyOperation,,,exposed,facade-defer-v1,
pose_creation_character,motion,rw,,,requireOpenProject,creation/applyOperation,,,exposed,facade-defer-v1,
add_creation_particle_system,motion,rw,,,requireOpenProject,creation/applyOperation,,,exposed,facade-defer-v1,
duplicate_creation_object,motion,rw,,,requireOpenProject,creation/applyOperation,,,exposed,facade-defer-v1,
simulate_creation_rigid_drop,motion,rw,,,requireOpenProject,,,,exposed,facade-defer-v1,routes via commitCreationRigidBake -> creation/applyOperation (adversarial-review C7)
simulate_creation_rigid_bodies,motion,rw,,,requireOpenProject,,,,exposed,facade-defer-v1,routes via commitCreationRigidBake -> creation/applyOperation (adversarial-review C7)
bake_creation_cloth,motion,rw,,,requireOpenProject,creation/applyOperation,,,exposed,facade-defer-v1,
bake_creation_skinned_limb,motion,rw,,,requireOpenProject,creation/applyOperation,,,exposed,facade-defer-v1,
bake_creation_humanoid,motion,rw,,,requireOpenProject,creation/applyOperation,,,exposed,facade-defer-v1,
bake_creation_particles,motion,rw,,,requireOpenProject,creation/applyOperation,,,exposed,facade-defer-v1,
scatter_creation_objects,motion,rw,,,requireOpenProject,creation/applyOperation,,,exposed,facade-defer-v1,
add_creation_cutaway_plane,motion,rw,,,requireOpenProject,creation/applyOperation,,,exposed,facade-defer-v1,
add_creation_decal,motion,rw,,,requireOpenProject,creation/applyOperation,,,exposed,facade-defer-v1,
add_creation_ui_panel,motion,rw,,,requireOpenProject,creation/applyOperation,,,exposed,facade-defer-v1,
create_product_cinematic_scene,motion,rw,,,getProject|requireOpenProject,creation/applyOperation,,,exposed,facade-defer-v1,
add_creation_product_callout,motion,rw,,,requireOpenProject,creation/applyOperation,,,exposed,facade-defer-v1,
add_motion_layer,motion,rw,,,requireOpenProject,motion/upsertComposition,,,exposed,facade-defer-v1,
apply_motion_template,motion,rw,,,requireOpenProject,motion/createComposition,,,exposed,facade-defer-v1,
generate_ad_scene,motion,rw,,,getProject|requireOpenProject,motion/createComposition,,,exposed,facade-defer-v1,
animate_layer,motion,rw,,,requireOpenProject,motion/upsertComposition,,,exposed,facade-defer-v1,
list_motion_animatable_properties,read,ro,,,,,,,exposed,collapse,
add_motion_keyframe,motion,rw,,,requireOpenProject,motion/upsertComposition,,,exposed,facade-defer-v1,
move_motion_keyframe,motion,rw,,,requireOpenProject,motion/upsertComposition,,,exposed,facade-defer-v1,
remove_motion_keyframe,motion,rw,destructive,,requireOpenProject,motion/upsertComposition,,,exposed,facade-defer-v1,
sync_motion_to_audio,motion,rw,,expensive,getProject|requireOpenProject,motion/upsertComposition,,,exposed,facade-defer-v1,
set_motion_beat_markers,motion,rw,,,requireOpenProject,motion/upsertComposition,,,exposed,facade-defer-v1,
remove_motion_beat_marker,motion,rw,destructive,,requireOpenProject,motion/upsertComposition,,,exposed,facade-defer-v1,
apply_motion_preset_to_beats,motion,rw,,,requireOpenProject,motion/upsertComposition,,,exposed,facade-defer-v1,
insert_motion_into_editor,motion,rw,,,requireOpenProject,motion/insertInstance,,,exposed,facade-defer-v1,
get_motion_composition,read,ro,,,,,,,exposed,collapse,
render_motion_frame,motion,rw,,expensive,requireOpenProject|runJob:exportFrame,,runJob:exportFrame,runJob:exportFrame,exposed,facade-defer-v1,
render_creation_preview,motion,rw,,expensive,requireOpenProject|runJob:exportFrame,,runJob:exportFrame,runJob:exportFrame,exposed,facade-defer-v1,
set_motion_layer_transform,motion,rw,,,requireOpenProject,motion/upsertComposition,,,exposed,facade-defer-v1,
set_motion_layer_name,motion,rw,,,requireOpenProject,motion/upsertComposition,,,exposed,facade-defer-v1,
duplicate_motion_layer,motion,rw,,,requireOpenProject,motion/upsertComposition,,,exposed,facade-defer-v1,
set_motion_layer_solo,motion,rw,,,requireOpenProject,motion/upsertComposition,,,exposed,facade-defer-v1,
set_motion_layer_guide,motion,rw,,,requireOpenProject,motion/upsertComposition,,,exposed,facade-defer-v1,
set_motion_layer_3d,motion,rw,,,requireOpenProject,motion/upsertComposition,,,exposed,facade-defer-v1,
set_motion_layer_timing,motion,rw,,,requireOpenProject,motion/upsertComposition,,,exposed,facade-defer-v1,
trim_motion_layer,motion,rw,,,requireOpenProject,motion/upsertComposition,,,exposed,facade-defer-v1,
split_motion_layer,motion,rw,,,requireOpenProject,motion/upsertComposition,,,exposed,facade-defer-v1,
slip_motion_layer,motion,rw,,,requireOpenProject,motion/upsertComposition,,,exposed,facade-defer-v1,
ripple_delete_motion_layer,motion,rw,destructive,,requireOpenProject,motion/upsertComposition,,,exposed,facade-defer-v1,
ripple_motion_layers,motion,rw,,,requireOpenProject,motion/upsertComposition,,,exposed,facade-defer-v1,
create_motion_null_controller,motion,rw,,,requireOpenProject,motion/upsertComposition,,,exposed,facade-defer-v1,
add_motion_guide,motion,rw,,,requireOpenProject,motion/upsertComposition,,,exposed,facade-defer-v1,
move_motion_guide,motion,rw,,,requireOpenProject,motion/upsertComposition,,,exposed,facade-defer-v1,
remove_motion_guide,motion,rw,destructive,,requireOpenProject,motion/upsertComposition,,,exposed,facade-defer-v1,
set_motion_scene3d_lighting,motion,rw,,,requireOpenProject,motion/upsertComposition,,,exposed,facade-defer-v1,
reorder_motion_layer,motion,rw,,,requireOpenProject,motion/upsertComposition,,,exposed,facade-defer-v1,
remove_motion_layer,motion,rw,destructive,,requireOpenProject,motion/upsertComposition,,,exposed,facade-defer-v1,
update_motion_composition,motion,rw,,,requireOpenProject,motion/upsertComposition,,,exposed,facade-defer-v1,
import_motion_font,motion,rw,,,requireOpenProject,motion/upsertComposition,,,exposed,facade-defer-v1,
set_motion_text_style,motion,rw,,,requireOpenProject,motion/upsertComposition,,,exposed,facade-defer-v1,
set_motion_text_content,motion,rw,,,requireOpenProject,motion/upsertComposition,,,exposed,facade-defer-v1,
attach_motion_expression,motion,rw,,,requireOpenProject,motion/upsertComposition,,,exposed,facade-defer-v1,
remove_motion_expression,motion,rw,destructive,,requireOpenProject,motion/upsertComposition,,,exposed,facade-defer-v1,
update_motion_expression,motion,rw,,,requireOpenProject,motion/upsertComposition,,,exposed,facade-defer-v1,
toggle_motion_expression,motion,rw,,,requireOpenProject,motion/upsertComposition,,,exposed,facade-defer-v1,
list_motion_expression_errors,motion,ro,,,requireOpenProject,,,,exposed,facade-defer-v1,
add_motion_expression_control,motion,rw,,,requireOpenProject,motion/upsertComposition,,,exposed,facade-defer-v1,
list_motion_shaders,motion,ro,,,,,,,exposed,facade-defer-v1,
create_ai_shader,motion,rw,,,applyAction|requireOpenProject,project/registerGeneratedShader,,,exposed,facade-defer-v1,
list_ai_shaders,motion,ro,,,requireOpenProject,,,,exposed,facade-defer-v1,
remove_ai_shader,motion,rw,destructive,,applyAction|requireOpenProject,project/removeGeneratedShader,,,exposed,facade-defer-v1,
set_motion_shader_fill,motion,rw,,,requireOpenProject,motion/upsertComposition,,,exposed,facade-defer-v1,
clear_motion_shader_fill,motion,rw,,,requireOpenProject,motion/upsertComposition,,,exposed,facade-defer-v1,
add_motion_effect,motion,rw,,,requireOpenProject,motion/upsertComposition,,,exposed,facade-defer-v1,
add_motion_shader_effect,motion,rw,,,requireOpenProject,motion/upsertComposition,,,exposed,facade-defer-v1,
update_motion_effect,motion,rw,,,requireOpenProject,motion/upsertComposition,,,exposed,facade-defer-v1,
transfer_motion_effect_stack,motion,rw,,,requireOpenProject,motion/upsertComposition,,,exposed,facade-defer-v1,
remove_motion_effect,motion,rw,destructive,,requireOpenProject,motion/upsertComposition,,,exposed,facade-defer-v1,
toggle_motion_effect,motion,rw,,,requireOpenProject,motion/upsertComposition,,,exposed,facade-defer-v1,
reorder_motion_effect,motion,rw,,,requireOpenProject,motion/upsertComposition,,,exposed,facade-defer-v1,
add_motion_mask,motion,rw,,,requireOpenProject,motion/upsertComposition,,,exposed,facade-defer-v1,
transfer_motion_mask_stack,motion,rw,,,requireOpenProject,motion/upsertComposition,,,exposed,facade-defer-v1,
update_motion_mask,motion,rw,,,requireOpenProject,motion/upsertComposition,,,exposed,facade-defer-v1,
remove_motion_mask,motion,rw,destructive,,requireOpenProject,motion/upsertComposition,,,exposed,facade-defer-v1,
set_motion_mask_path,motion,rw,,,requireOpenProject,motion/upsertComposition,,,exposed,facade-defer-v1,
add_motion_mask_path_keyframe,motion,rw,,,requireOpenProject,motion/upsertComposition,,,exposed,facade-defer-v1,
set_motion_track_matte,motion,rw,,,requireOpenProject,motion/upsertComposition,,,exposed,facade-defer-v1,
set_motion_layer_blend_mode,motion,rw,,,requireOpenProject,motion/upsertComposition,,,exposed,facade-defer-v1,
set_motion_layer_parent,motion,rw,,,requireOpenProject,motion/upsertComposition,,,exposed,facade-defer-v1,
set_motion_layer_visibility,motion,rw,,,requireOpenProject,motion/upsertComposition,,,exposed,facade-defer-v1,
set_motion_layer_lock,motion,rw,,,requireOpenProject,motion/upsertComposition,,,exposed,facade-defer-v1,
add_motion_shape_modifier,motion,rw,,,requireOpenProject,motion/upsertComposition,,,exposed,facade-defer-v1,
update_motion_shape_modifier,motion,rw,,,requireOpenProject,motion/upsertComposition,,,exposed,facade-defer-v1,
remove_motion_shape_modifier,motion,rw,destructive,,requireOpenProject,motion/upsertComposition,,,exposed,facade-defer-v1,
add_motion_shape_group,motion,rw,,,requireOpenProject,motion/upsertComposition,,,exposed,facade-defer-v1,
add_motion_shape_to_group,motion,rw,,,requireOpenProject,motion/upsertComposition,,,exposed,facade-defer-v1,
update_motion_shape_item,motion,rw,,,requireOpenProject,motion/upsertComposition,,,exposed,facade-defer-v1,
remove_motion_shape_item,motion,rw,destructive,,requireOpenProject,motion/upsertComposition,,,exposed,facade-defer-v1,
move_motion_shape_item,motion,rw,,,requireOpenProject,motion/upsertComposition,,,exposed,facade-defer-v1,
add_motion_shape_group_operator,motion,rw,,,requireOpenProject,motion/upsertComposition,,,exposed,facade-defer-v1,
update_motion_shape_group_operator,motion,rw,,,requireOpenProject,motion/upsertComposition,,,exposed,facade-defer-v1,
remove_motion_shape_group_operator,motion,rw,destructive,,requireOpenProject,motion/upsertComposition,,,exposed,facade-defer-v1,
merge_motion_shape_layers,motion,rw,destructive,,requireOpenProject,motion/upsertComposition,,,exposed,facade-defer-v1,
add_motion_text_animator,motion,rw,,,requireOpenProject,motion/upsertComposition,,,exposed,facade-defer-v1,
update_motion_text_animator,motion,rw,,,requireOpenProject,motion/upsertComposition,,,exposed,facade-defer-v1,
add_motion_text_shader_animator,motion,rw,,,requireOpenProject,motion/upsertComposition,,,exposed,facade-defer-v1,
remove_motion_text_animator,motion,rw,destructive,,requireOpenProject,motion/upsertComposition,,,exposed,facade-defer-v1,
set_motion_camera,motion,rw,,,requireOpenProject,motion/upsertComposition,,,exposed,facade-defer-v1,
add_motion_marker,motion,rw,,,requireOpenProject,motion/upsertComposition,,,exposed,facade-defer-v1,
update_motion_marker,motion,rw,,,requireOpenProject,motion/upsertComposition,,,exposed,facade-defer-v1,
remove_motion_marker,motion,rw,destructive,,requireOpenProject,motion/upsertComposition,,,exposed,facade-defer-v1,
animate_motion_camera,motion,rw,,,requireOpenProject,motion/upsertComposition,,,exposed,facade-defer-v1,
animate_motion_light,motion,rw,,,requireOpenProject,motion/upsertComposition,,,exposed,facade-defer-v1,
set_motion_light_style,motion,rw,,,requireOpenProject,motion/upsertComposition,,,exposed,facade-defer-v1,
set_motion_blur,motion,rw,,,requireOpenProject,motion/upsertComposition,,,exposed,facade-defer-v1,
set_motion_layer_motion_blur,motion,rw,,,requireOpenProject,motion/upsertComposition,,,exposed,facade-defer-v1,
add_motion_light,motion,rw,,,requireOpenProject,motion/upsertComposition,,,exposed,facade-defer-v1,
update_motion_light,motion,rw,,,requireOpenProject,motion/upsertComposition,,,exposed,facade-defer-v1,
remove_motion_light,motion,rw,destructive,,requireOpenProject,motion/upsertComposition,,,exposed,facade-defer-v1,
create_motion_variable,motion,rw,,,requireOpenProject,motion/upsertComposition,,,exposed,facade-defer-v1,
update_motion_variable,motion,rw,,,requireOpenProject,motion/upsertComposition,,,exposed,facade-defer-v1,
delete_motion_variable,motion,rw,destructive,,requireOpenProject,motion/upsertComposition,,,exposed,facade-defer-v1,
bind_motion_variable,motion,rw,,,requireOpenProject,motion/upsertComposition,,,exposed,facade-defer-v1,
unbind_motion_variable,motion,rw,destructive,,requireOpenProject,motion/upsertComposition,,,exposed,facade-defer-v1,
import_svg_composition,motion,rw,,,requireOpenProject,motion/createComposition,,,exposed,facade-defer-v1,
import_lottie_composition,motion,rw,,,requireOpenProject,motion/createComposition,,,exposed,facade-defer-v1,
import_figma_composition,motion,rw,,,requireOpenProject,motion/createComposition,,,exposed,facade-defer-v1,
add_motion_layers,motion,rw,,,requireOpenProject,motion/upsertComposition,,,exposed,facade-defer-v1,
set_motion_shape_style,motion,rw,,,requireOpenProject,motion/upsertComposition,,,exposed,facade-defer-v1,
add_motion_ui_component,motion,rw,,,requireOpenProject,motion/upsertComposition,,,exposed,facade-defer-v1,
arrange_motion_layers,motion,rw,,,requireOpenProject,motion/upsertComposition,,,exposed,facade-defer-v1,
align_motion_layers,motion,rw,,,requireOpenProject,motion/upsertComposition,,,exposed,facade-defer-v1,
distribute_motion_layers,motion,rw,,,requireOpenProject,motion/upsertComposition,,,exposed,facade-defer-v1,
group_motion_layers,motion,rw,,,requireOpenProject,motion/upsertComposition,,,exposed,facade-defer-v1,
ungroup_motion_layers,motion,rw,destructive,,requireOpenProject,motion/upsertComposition,,,exposed,facade-defer-v1,
set_motion_group_auto_layout,motion,rw,,,requireOpenProject,motion/upsertComposition,,,exposed,facade-defer-v1,
precompose_motion_layers,motion,rw,,,requireOpenProject,motion/upsertComposition,,,exposed,facade-defer-v1,
add_motion_component_instance,motion,rw,,,requireOpenProject,motion/upsertComposition,,,exposed,facade-defer-v1,
set_motion_time_remap,motion,rw,,,getProject|requireOpenProject,motion/upsertComposition,,,exposed,facade-defer-v1,
set_motion_instance_overrides,motion,rw,,,requireOpenProject,motion/upsertComposition,,,exposed,facade-defer-v1,
disintegrate_motion_layer,motion,rw,,,requireOpenProject,motion/upsertComposition,,,exposed,facade-defer-v1,
morph_motion_layers,motion,rw,,,requireOpenProject,motion/upsertComposition,,,exposed,facade-defer-v1,
add_motion_cursor_click,motion,rw,,,requireOpenProject,motion/upsertComposition,,,exposed,facade-defer-v1,
import_image_layer,motion,rw,,,importMediaFromUrl|requireOpenProject,motion/upsertComposition,importMediaFromUrl,,exposed,facade-defer-v1,
add_motion_3d_object,motion,rw,,,requireOpenProject,motion/upsertComposition,,,exposed,facade-defer-v1,
morph_motion_shape,motion,rw,,,requireOpenProject,motion/upsertComposition,,,exposed,facade-defer-v1,
set_motion_shape_path,motion,rw,,,requireOpenProject,motion/upsertComposition,,,exposed,facade-defer-v1,
edit_motion_shape_path_point,motion,rw,,,requireOpenProject,motion/upsertComposition,,,exposed,facade-defer-v1,
insert_motion_shape_path_point,motion,rw,,,requireOpenProject,motion/upsertComposition,,,exposed,facade-defer-v1,
remove_motion_shape_path_point,motion,rw,,,requireOpenProject,motion/upsertComposition,,,exposed,facade-defer-v1,
add_motion_shape_path_keyframe,motion,rw,,,requireOpenProject,motion/upsertComposition,,,exposed,facade-defer-v1,
transform_motion_keyframes,motion,rw,,,requireOpenProject,motion/upsertComposition,,,exposed,facade-defer-v1,
copy_motion_keyframes,motion,ro,,,requireOpenProject,,,,exposed,facade-defer-v1,
paste_motion_keyframes,motion,rw,,,requireOpenProject,motion/upsertComposition,,,exposed,facade-defer-v1,
add_motion_3d_scene,motion,rw,,,requireOpenProject,motion/upsertComposition,,,exposed,facade-defer-v1,
add_scene_object,motion,rw,,,requireOpenProject,motion/upsertComposition,,,exposed,facade-defer-v1,
set_motion_scene_object,motion,rw,,,requireOpenProject,motion/upsertComposition,,,exposed,facade-defer-v1,
remove_motion_scene_object,motion,rw,destructive,,requireOpenProject,motion/upsertComposition,,,exposed,facade-defer-v1,
set_motion_scene_camera,motion,rw,,,requireOpenProject,motion/upsertComposition,,,exposed,facade-defer-v1,
animate_scene_camera,motion,rw,,,requireOpenProject,motion/upsertComposition,,,exposed,facade-defer-v1,
set_model_animation,motion,rw,,,requireOpenProject,creation/applyOperation,,,exposed,facade-defer-v1,
animate_scene_object,motion,rw,,,requireOpenProject,motion/upsertComposition,,,exposed,facade-defer-v1,
animate_motion_layers,motion,rw,,,requireOpenProject,motion/upsertComposition,,,exposed,facade-defer-v1,
execute_action,raw,rw,destructive,,applyAction|requireOpenProject,,,,exposed,facade-replace,raw passthrough; DESK-02/CORE-02 hollow-undo risk
batch_actions,raw,rw,destructive,,applyAction|requireOpenProject,,,,exposed,facade-replace,non-atomic today (CORE-01); facade edit.apply provides atomicity instead
export_motion_video,export,rw,,expensive,exportMotionScene|requireOpenProject,,exportMotionScene,,exposed,facade-core-async,
queue_motion_render,export,rw,,,,,,,exposed,facade-core-async,
run_motion_render_queue,export,rw,,expensive,,,,,exposed,facade-core-async,
list_motion_render_queue,export,ro,,,,,,,exposed,facade-core-async,
cancel_motion_render_item,export,rw,,,,,,,exposed,facade-core-async,
export_video,export,rw,,expensive,,,,,exposed,facade-core-async,jobTool -> facade export.start; needs JobRunner injection headless (RUNNER G1)
export_audio,export,rw,,expensive,,,,,exposed,facade-core-async,
transcribe_clip,ai,rw,,expensive,,,,,exposed,facade-defer-job,
